index,true,pred
2,0,3
4,0,1
24,4,2
25,3,4
55,6,0
77,6,0
79,9,5
101,0,2
108,7,5
113,6,3
160,0,3
164,6,0
169,0,6
181,4,6
182,0,8
186,0,3
194,4,2
215,3,4
226,6,0
232,6,0
245,6,0
273,2,4
287,8,3
292,6,0
297,6,2
316,6,0
339,4,3
350,2,3
353,6,0
357,7,5
360,9,5
398,2,6
405,2,4
410,6,0
416,2,4
424,9,5
465,9,5
481,4,6
485,6,2
495,6,1
500,3,4
501,2,6
502,6,4
506,6,0
523,6,0
526,6,0
530,0,3
545,2,4
549,6,0
575,7,5
595,3,0
601,0,1
649,3,4
677,4,2
687,4,3
688,6,1
698,4,2
700,0,2
701,3,4
707,2,4
711,9,5
733,4,6
762,6,0
801,8,3
808,0,3
820,6,1
830,0,1
849,0,3
860,6,2
863,3,4
875,6,3
906,6,0
912,4,6
931,2,3
942,0,6
970,6,2
971,9,5
972,0,8
1009,6,4
1018,9,5
1022,2,4
1051,9,5
1071,0,1
1074,6,0
1092,6,0
1101,6,0
1109,2,4
1119,6,0
1124,2,4
1150,3,4
1165,6,0
1170,0,1
1174,2,4
1200,6,0
1202,0,6
1206,2,4
1216,6,0
1254,0,2
1255,9,5
1257,2,6
1260,2,6
1262,4,6
1277,6,4
1287,6,0
1299,9,5
1301,0,6
1325,0,1
1369,3,4
1372,2,4
1388,6,0
1419,6,0
1438,6,0
1442,2,3
1456,2,4
1479,0,1
1480,9,5
1494,6,2
1495,6,0
1521,6,4
1543,6,2
1547,0,6
1585,6,0
1594,2,4
1595,2,6
1600,3,0
1617,4,3
1626,6,0
1642,6,3
1660,4,6
1681,0,3
1687,6,3
1705,9,7
1715,4,6
1722,6,2
1761,1,3
1762,3,4
1823,2,3
1824,4,2
1838,4,6
1840,6,0
1849,6,0
1853,4,2
1862,6,3
1864,2,4
1876,4,2
1926,9,5
1935,6,0
1938,6,0
1954,7,5
1963,2,0
1969,6,2
1976,6,0
2012,6,0
2037,6,0
2040,6,0
2047,7,5
2049,0,1
2062,0,6
2068,9,5
2069,4,6
2070,0,1
2078,6,0
2106,6,2
2112,6,0
2131,6,0
2132,3,4
2138,0,6
2144,6,2
2149,2,4
2172,2,4
2187,4,3
2193,3,4
2211,2,4
2213,0,3
2222,6,2
2223,2,4
2234,7,5
2236,6,0
2261,9,5
2264,4,6
2276,2,4
2288,9,5
2329,2,6
2337,3,4
2394,6,2
2405,3,0
2407,4,2
2420,0,6
2433,6,0
2446,6,0
2454,2,4
2466,6,2
2467,6,3
2468,6,3
2485,4,6
2490,4,6
2507,6,3
2562,2,3
2584,2,4
2600,6,3
2611,6,0
2628,4,2
2637,9,5
2646,6,2
2657,2,6
2658,6,0
2660,6,0
2661,3,4
2683,1,3
2686,7,5
2695,0,6
2708,6,0
2715,4,6
2716,6,0
2719,6,2
2740,9,5
2743,4,0
2747,9,5
2775,6,1
2785,4,2
2787,4,3
2793,9,5
2809,0,1
2814,6,4
2815,9,5
2829,3,4
2843,6,1
2846,9,5
2850,6,0
2905,2,4
2918,3,0
2934,6,2
2938,0,3
2940,6,0
2948,7,5
2951,6,0
2953,6,0
2958,2,4
2978,6,0
2980,6,2
2983,4,6
2985,6,0
2991,7,5
3004,2,6
3016,4,6
3067,3,4
3087,6,0
3090,0,6
3094,4,6
3104,4,2
3121,9,7
3124,2,4
3155,0,2
3170,6,0
3189,9,5
3191,6,3
3198,9,5
3200,3,4
3202,6,3
3214,2,0
3234,6,2
3242,0,3
3263,9,5
3264,6,0
3267,6,3
3270,6,0
3298,6,0
3331,6,2
3336,6,0
3356,6,0
3358,0,1
3372,7,5
3374,2,8
3376,2,4
3388,2,6
3391,2,4
3395,4,2
3396,2,3
3413,6,0
3415,2,4
3439,6,3
3451,2,4
3453,6,3
3480,6,0
3499,0,3
3502,2,4
3503,9,5
3512,0,3
3517,7,5
3518,2,4
3529,6,0
3533,6,0
3547,4,2
3548,0,6
3559,9,5
3566,2,4
3576,6,1
3589,6,2
3598,2,4
3625,2,0
3639,6,4
3642,6,4
3648,6,0
3657,6,4
3690,9,5
3694,2,4
3697,6,0
3719,2,4
3728,6,0
3731,6,0
3747,6,0
3775,9,5
3807,4,2
3829,0,3
3848,7,5
3856,2,4
3858,2,6
3870,3,0
3871,6,0
3888,4,6
3895,8,4
3902,2,4
3904,2,4
3911,0,6
3938,6,0
3944,6,0
3945,6,0
3946,6,0
3951,6,0
3973,1,3
3988,4,6
4027,6,3
4031,6,0
4033,6,0
4034,6,1
4046,6,4
4048,0,3
4084,2,0
4085,0,6
4091,4,6
4131,6,4
4135,3,1
4148,9,5
4179,6,3
4219,6,2
4226,0,6
4244,2,4
4269,9,5
4274,0,3
4288,2,6
4306,9,7
4317,2,4
4341,4,2
4353,6,2
4355,2,6
4375,2,6
4379,7,5
4388,0,6
4422,6,2
4424,0,2
4450,2,4
4456,2,4
4461,0,6
4468,6,0
4506,6,0
4587,4,6
4613,7,5
4634,0,6
4681,0,3
4759,2,4
4773,6,2
4794,9,5
4795,6,0
4801,3,4
4814,6,0
4836,4,6
4844,9,5
4858,4,6
4878,4,6
4880,2,4
4903,6,0
4913,4,6
4935,6,2
4944,6,0
4950,4,2
4952,6,0
4965,6,0
4975,6,3
5035,3,0
5040,9,7
5049,2,4
5066,4,3
5070,0,3
5078,2,4
5099,0,2
5106,4,2
5119,0,1
5123,6,0
5130,2,4
5131,9,5
5132,4,2
5137,0,3
5152,6,0
5165,6,0
5167,6,3
5181,9,5
5219,6,3
5222,6,0
5238,7,5
5254,0,3
5257,4,6
5261,7,5
5317,9,5
5323,6,0
5324,2,4
5347,6,2
5376,6,0
5392,9,5
5398,4,6
5399,4,2
5423,2,6
5426,4,2
5432,2,6
5442,6,3
5445,6,0
5447,3,2
5457,0,3
5491,6,0
5493,2,0
5495,3,4
5506,2,4
5512,1,3
5546,0,2
5578,6,0
5608,6,0
5639,6,0
5646,7,5
5653,9,5
5662,0,3
5668,6,2
5679,6,0
5692,6,4
5698,2,6
5705,6,0
5708,7,5
5712,6,0
5739,6,2
5755,4,6
5758,0,1
5765,2,6
5767,6,3
5787,9,7
5788,4,2
5790,6,0
5795,6,0
5827,2,0
5861,6,0
5867,9,5
5883,4,6
5885,7,5
5889,0,3
5908,6,0
5925,6,2
5933,0,6
5950,3,0
5980,6,0
5982,7,5
5983,2,4
5997,6,3
6003,4,2
6046,6,2
6059,2,4
6078,0,6
6111,2,4
6114,2,3
6119,9,5
6120,6,3
6169,2,6
6197,2,6
6215,6,0
6225,2,8
6234,6,4
6252,4,6
6263,3,4
6277,2,6
6281,6,0
6282,3,1
6337,3,4
6350,2,6
6351,2,4
6359,4,3
6379,9,5
6394,7,5
6404,2,4
6431,2,4
6435,2,6
6440,9,5
6447,3,6
6449,6,0
6460,3,4
6466,6,0
6471,6,3
6472,6,0
6496,6,2
6533,2,4
6594,4,6
6611,4,2
6623,0,3
6638,6,0
6657,6,0
6664,6,2
6701,6,2
6717,0,6
6728,0,6
6730,2,3
6770,9,7
6865,0,3
6878,6,0
6880,2,6
6881,2,4
6918,0,1
6935,6,0
6941,4,6
6947,3,0
6955,6,0
6957,9,5
6976,2,6
6985,6,0
6992,7,5
7019,6,1
7033,7,5
7086,0,3
7094,6,4
7097,6,3
7103,6,0
7133,7,5
7141,3,4
7147,2,6
7165,6,3
7175,0,1
7176,4,3
7190,6,4
7191,6,0
7200,0,2
7246,2,4
7264,6,0
7299,0,6
7303,0,6
7307,9,5
7336,0,1
7343,0,3
7345,6,2
7357,6,0
7360,0,6
7389,6,4
7397,6,0
7400,6,0
7417,6,4
7422,6,0
7423,6,0
7424,4,2
7470,6,0
7490,6,0
7512,6,0
7525,6,3
7535,9,5
7545,6,0
7574,2,4
7580,9,5
7585,6,0
7604,6,0
7608,6,3
7613,6,0
7619,2,6
7632,4,6
7636,6,4
7637,4,6
7670,2,6
7701,6,0
7704,6,2
7714,3,4
7715,9,5
7735,6,3
7745,2,4
7756,4,2
7765,2,0
7769,9,5
7770,6,0
7790,3,4
7826,6,0
7827,4,6
7841,6,0
7858,9,5
7864,2,4
7865,0,3
7880,3,2
7887,6,0
7898,6,0
7929,6,0
7930,2,4
7979,0,3
7985,6,2
8008,6,4
8015,4,2
8035,6,0
8049,6,2
8058,3,4
8060,0,2
8070,0,6
8089,6,0
8096,6,0
8097,3,0
8112,3,4
8113,6,0
8116,8,0
8127,6,0
8132,6,0
8137,4,3
8139,9,5
8154,4,6
8210,9,5
8211,2,4
8262,9,5
8270,2,4
8283,2,4
8300,2,4
8302,6,0
8316,2,3
8319,2,4
8320,4,6
8322,6,0
8329,8,3
8351,4,6
8357,2,4
8389,6,0
8393,6,4
8406,6,3
8415,2,6
8420,2,6
8424,7,5
8441,6,0
8448,4,6
8485,0,1
8518,4,6
8540,6,2
8585,3,1
8596,2,4
8622,2,4
8635,2,4
8641,2,4
8642,4,3
8652,6,0
8678,4,6
8705,4,2
8718,0,6
8770,6,0
8788,3,4
8805,0,6
8807,6,0
8812,6,0
8813,4,6
8860,6,0
8862,6,4
8879,6,3
8904,7,5
8912,6,0
8913,2,4
8924,0,6
8933,6,2
8949,7,5
8961,9,7
8968,7,5
8978,6,2
8987,2,4
9006,6,2
9016,0,1
9017,7,5
9019,0,4
9037,6,0
9064,6,0
9072,4,6
9083,2,4
9088,2,4
9089,6,0
9132,2,4
9155,3,4
9188,6,0
9208,0,1
9216,9,5
9249,0,6
9267,2,6
9276,6,3
9278,6,0
9305,2,6
9334,0,6
9349,0,6
9353,4,2
9373,0,3
9388,6,2
9425,6,1
9441,4,2
9448,0,2
9455,6,0
9459,2,3
9472,6,2
9487,0,3
9488,6,3
9495,2,3
9525,4,6
9539,6,0
9542,7,5
9556,2,4
9562,2,6
9579,0,3
9582,4,2
9588,4,6
9602,3,4
9626,6,0
9640,4,2
9652,6,0
9656,6,0
9688,6,0
9706,0,3
9710,6,0
9724,6,0
9764,6,0
9766,6,2
9767,0,6
9771,8,6
9781,2,4
9805,0,3
9811,6,0
9816,2,6
9826,6,0
9831,4,2
9836,6,0
9847,3,4
9853,6,2
9857,3,0
9876,6,0
9886,0,2
9910,0,6
9930,0,1
9954,6,0
9955,2,6
9978,6,0
9990,7,5
9998,6,0
10028,3,4
10034,2,4
10042,2,6
10059,9,5
10069,2,4
10086,6,2
10097,6,4
10103,6,2
10172,6,0
10181,0,8
10195,6,2
10196,7,5
10204,0,6
10244,2,4
10291,4,6
10292,0,3
10299,0,3
10307,7,5
10354,6,3
10361,6,0
10381,4,2
10400,9,5
10412,0,6
10436,6,2
10448,4,6
10468,3,0
10472,6,0
10524,4,6
10534,3,4
10554,2,6
10587,6,0
10611,6,0
10613,3,6
10616,9,5
10650,8,4
10653,6,4
10662,7,5
10675,3,6
10682,0,1
10690,2,0
10714,6,0
10728,6,0
10771,6,0
10782,6,0
10786,3,4
10788,4,2
10800,3,4
10801,6,0
10824,9,7
10865,9,5
10870,7,5
10885,2,4
10914,6,0
10916,6,0
10926,6,0
10929,4,6
10976,6,0
11015,2,6
11019,6,3
11036,0,2
11037,2,6
11046,0,3
11072,6,0
11075,9,5
11081,6,0
11082,9,5
11106,1,3
11140,6,3
11149,4,6
11150,2,4
11170,2,6
11199,4,6
11246,4,3
11247,6,2
11252,6,0
11256,0,3
11260,6,0
11287,6,0
11299,6,0
11307,9,7
11310,2,4
11359,4,2
11367,8,6
11376,3,4
11379,7,5
11380,9,7
11388,6,0
11392,6,4
11402,0,6
11417,6,2
11430,2,4
11444,6,2
11463,6,0
11472,6,0
11496,6,0
11514,6,0
11522,0,3
11527,6,0
11531,8,6
11566,9,5
11568,4,6
11581,3,4
11592,2,0
11604,4,2
11611,0,3
11642,2,4
11658,9,7
11661,6,0
11664,0,2
11670,4,6
11695,6,0
11714,4,6
11733,0,3
11738,6,0
11749,6,0
11758,2,4
11778,6,0
11782,9,5
11796,6,0
11814,2,3
11823,6,2
11832,3,6
11836,6,3
11839,6,0
11856,1,3
11865,6,2
11869,6,0
11885,2,3
11892,4,2
11897,6,0
11898,9,7
11908,4,6
11923,6,0
11936,6,0
11940,4,2
11948,6,0
11969,0,6
11971,9,5
11982,4,6
11987,4,2
12009,0,1
12025,6,2
12028,6,0
12076,0,4
12094,6,0
12095,6,0
12108,0,2
12124,2,4
12132,6,4
12136,6,0
12138,2,6
12144,3,4
12152,0,1
12156,6,3
12167,9,5
12195,2,4
12205,0,6
12210,4,2
12228,6,4
12229,4,2
12232,6,0
12273,4,2
12285,7,5
12287,0,6
12293,9,5
12328,2,6
12334,9,5
12340,6,3
12357,4,6
12360,6,0
12379,0,6
12383,0,1
12385,0,3
12386,4,6
12407,6,0
12408,6,3
12417,9,5
12418,2,4
12434,6,2
12443,6,2
12458,9,5
12462,6,3
12466,0,3
12475,4,2
12497,0,6
12504,6,4
12562,3,4
12566,9,5
12587,2,0
12591,6,4
12592,3,4
12608,3,4
12634,0,6
12641,8,4
12648,4,3
12678,6,0
12708,6,0
12720,6,4
12737,6,4
12741,8,4
12762,6,4
12792,6,0
12799,6,0
12802,0,3
12818,4,2
12824,2,6
12825,6,2
12829,6,0
12890,9,5
12921,6,0
12923,4,2
12926,4,6
12941,4,3
12947,6,2
12968,6,0
12971,0,6
12987,2,6
12988,6,0
13002,6,0
13004,6,0
13019,0,6
13034,7,5
13045,2,6
13055,0,6
13057,2,3
13060,2,4
13082,0,2
13090,6,2
13103,0,8
13128,6,0
13129,6,4
13132,6,3
13138,6,4
13148,6,0
13172,4,6
13187,4,6
13227,6,0
13228,7,5
13233,6,3
13234,6,0
13245,3,4
13266,3,0
13275,3,4
13282,6,0
13292,2,4
13335,2,6
13345,9,5
13359,0,3
13365,6,4
13380,6,2
13384,0,2
13386,6,2
13388,0,3
13401,6,3
13432,0,2
13449,0,6
13451,6,0
13452,3,4
13461,6,2
13472,2,4
13480,6,3
13499,0,3
13523,6,0
13531,2,3
13535,0,3
13537,4,6
13553,0,2
13574,6,3
13582,2,6
13604,2,6
13613,4,6
13628,2,6
13632,6,0
13642,0,3
13652,0,3
13655,2,6
13674,0,6
13683,6,2
13726,6,4
13733,9,7
13749,0,6
13777,6,3
13787,6,0
13792,6,4
13809,6,0
13825,6,0
13839,6,4
13868,4,2
13871,6,2
13912,6,0
13915,0,6
13928,3,2
13931,2,4
13932,0,6
13935,7,5
13954,2,4
13982,3,4
14012,0,3
14017,9,5
14018,2,4
14024,6,0
14025,4,6
14029,3,4
14055,2,6
14070,4,2
14074,4,6
14106,6,4
14109,9,5
14112,7,5
14135,6,0
14144,6,0
14153,4,6
14164,6,0
14192,6,2
14195,6,4
14236,6,0
14246,2,6
14265,1,3
14266,6,0
14267,0,6
14287,6,0
14301,0,1
14306,0,2
14317,9,7
14321,6,0
14336,6,0
14340,6,4
14352,0,1
14367,6,0
14408,6,0
14412,0,6
14418,6,0
14421,6,0
14428,6,0
14436,2,6
14437,0,1
14443,6,0
14446,7,5
14490,2,6
14502,6,0
14521,6,0
14532,0,6
14560,6,4
14574,4,6
14581,6,0
14596,2,4
14628,0,6
14635,2,4
14637,2,6
14646,6,0
14657,2,6
14671,6,2
14677,3,1
14682,6,0
14686,2,6
14689,6,0
14692,9,5
14728,6,4
14730,6,0
14755,2,4
14798,4,6
14805,6,2
14807,6,4
14837,2,4
14839,6,2
14842,3,0
14843,6,2
14895,0,6
14896,2,4
14927,7,9
14963,6,0
14978,4,3
14980,0,1
14987,4,6
14992,6,4
15022,4,2
15036,2,4
15042,9,5
15050,6,0
15052,0,3
15056,9,7
15059,6,0
15061,6,4
15064,9,5
15075,2,4
15082,0,1
15103,2,6
15106,9,5
15129,6,0
15139,7,5
15144,6,0
15157,2,4
15183,0,3
15185,3,4
15223,4,2
15228,4,6
15229,6,0
15239,6,0
15255,2,4
15260,0,3
15270,0,6
15281,6,3
15290,6,0
15341,7,5
15345,4,3
15353,6,0
15354,6,0
15389,0,2
15404,6,0
15419,4,6
15421,6,0
15426,6,2
15433,3,4
15434,6,0
15435,4,2
15471,4,6
15493,6,0
15521,4,2
15532,3,0
15563,6,2
15570,6,2
15571,6,3
15585,6,0
15586,6,4
15601,9,5
15627,0,1
15679,6,0
15701,6,0
15708,0,3
15715,7,5
15722,6,4
15724,0,2
15735,6,2
15758,6,0
15759,6,0
15764,4,2
15802,7,9
15826,2,3
15876,6,0
15891,2,4
15910,6,2
15917,2,6
15931,4,2
15939,6,2
15945,6,0
15964,6,0
15971,4,2
16001,2,6
16003,4,6
16020,2,3
16045,4,6
16066,6,0
16154,3,1
16169,4,6
16188,6,3
16207,0,3
16210,6,0
16222,2,4
16225,6,0
16246,6,0
16258,4,6
16310,6,2
16317,6,0
16336,6,0
16338,3,4
16350,9,5
16361,2,3
16363,6,0
16412,2,4
16432,4,2
16483,6,3
16486,6,0
16515,4,0
16528,7,9
16533,4,6
16539,2,4
16547,6,0
16573,4,6
16594,0,3
16611,2,4
16612,4,3
16615,6,0
16640,6,0
16652,2,4
16691,4,3
16692,6,2
16707,6,0
16738,6,0
16745,0,1
16747,2,6
16751,9,5
16762,2,4
16768,0,2
16782,2,6
16801,3,4
16804,4,6
16807,6,4
16808,4,6
16835,6,3
16840,6,0
16854,6,2
16868,6,0
16877,6,0
16935,6,0
16945,6,0
16947,0,2
16949,6,0
16965,0,1
16971,4,2
16981,4,6
16992,4,6
17048,0,2
17054,6,0
17091,6,0
17109,6,4
17115,6,4
17120,6,0
17137,4,6
17188,6,0
17191,0,3
17210,2,6
17228,4,6
17243,6,4
17247,6,3
17254,2,0
17258,9,5
17267,4,2
17287,6,0
17293,3,4
17295,4,6
17297,6,0
17333,2,4
17334,2,4
17342,2,3
17352,9,5
17363,6,0
17369,0,3
17382,0,8
17388,4,6
17391,9,5
17456,6,0
17470,2,6
17476,6,3
17486,4,6
17513,4,6
17519,6,0
17520,9,7
17523,2,4
17524,0,1
17528,3,4
17532,4,6
17559,9,5
17583,0,1
17616,6,2
17647,6,3
17648,6,3
17661,4,3
17686,9,5
17697,2,6
17698,2,3
17740,3,0
17764,6,0
17778,4,2
17783,6,0
17794,6,2
17836,4,6
17870,6,4
17871,0,1
17880,6,4
17900,6,0
17913,3,4
17915,3,4
17926,6,0
17934,3,4
17937,2,6
17949,4,6
17971,6,0
17992,4,6
17999,6,0
18005,6,0
18007,0,3
18017,2,4
18047,6,3
18051,6,0
18064,6,1
18073,6,0
18079,0,3
18085,6,0
18090,6,3
18101,4,6
18110,0,3
18117,6,0
18122,2,6
18135,4,2
18155,6,0
18175,6,0
18180,4,6
18184,6,3
18187,6,0
18188,6,4
18198,6,0
18208,6,0
18240,0,3
18243,0,6
18248,7,5
18259,4,2
18278,3,1
18280,6,0
18305,2,4
18322,4,6
18340,9,5
18343,6,0
18354,0,6
18378,2,3
18390,6,0
18392,9,7
18402,4,2
18414,2,4
18425,6,0
18442,6,0
18461,0,1
18477,1,3
18479,0,6
18480,0,6
18482,4,2
18492,2,6
18507,9,5
18517,0,3
18575,2,4
18607,9,7
18618,9,5
18619,6,2
18628,6,4
18665,0,6
18670,4,6
18677,0,6
18691,2,4
18694,4,6
18725,6,0
18758,4,2
18801,0,3
18840,6,0
18854,6,2
18875,6,4
18886,4,6
18909,0,3
18929,6,4
18942,6,0
18951,0,3
18982,9,5
19001,6,0
19003,2,4
19011,6,3
19015,0,6
19018,2,6
19023,6,0
19038,6,1
19056,9,5
19069,6,0
19073,4,3
19076,2,4
19079,6,3
19082,4,2
19086,2,4
19098,9,5
19114,9,5
19123,6,0
19130,6,0
19139,0,6
19174,9,5
19182,4,6
19212,6,0
19231,2,4
19233,6,2
19257,6,3
19268,0,6
19291,0,1
19301,0,1
19315,6,0
19322,6,0
19325,4,6
19334,6,0
19357,6,0
19370,4,1
19380,6,3
19382,6,0
19397,4,6
19421,2,6
19423,6,4
19427,6,4
19462,6,0
19476,2,6
19480,2,4
19498,4,2
19526,6,4
19558,6,0
19561,6,0
19562,0,6
19567,9,5
19569,4,6
19570,2,4
19579,2,4
19583,3,2
19598,6,3
19626,4,6
19650,6,0
19660,0,2
19667,9,5
19701,6,0
19711,6,3
19718,0,6
19751,6,0
19783,6,2
19798,6,0
19809,6,4
19815,2,4
19819,6,0
19841,2,4
19844,6,0
19845,0,6
19847,6,3
19848,2,4
19897,6,0
19909,6,0
19910,4,2
19919,4,2
19924,4,6
19962,4,6
19965,6,0
19985,6,0
20013,6,3
20024,2,4
20060,6,2
20077,4,2
20089,3,4
20094,6,2
20098,6,0
20109,2,4
20112,6,3
20135,3,1
20142,7,5
20173,0,3
20179,6,3
20180,6,0
20181,3,0
20204,6,0
20221,9,5
20227,6,4
20241,2,4
20246,6,2
20248,9,7
20285,9,7
20294,4,6
20303,9,7
20319,2,3
20342,6,0
20348,0,2
20362,6,0
20367,4,3
20373,9,7
20408,2,4
20409,6,0
20425,4,6
20429,6,0
20435,6,0
20474,6,0
20481,9,7
20487,6,4
20491,6,2
20529,4,2
20532,7,5
20544,6,3
20560,4,6
20593,6,0
20606,7,5
20625,6,0
20639,9,7
20643,6,2
20649,9,5
20654,6,4
20658,0,3
20663,4,6
20668,0,1
20678,9,5
20692,6,0
20697,6,0
20701,2,3
20716,0,3
20746,6,2
20787,6,0
20807,2,6
20811,6,0
20825,2,6
20827,6,2
20832,0,6
20844,4,2
20870,6,0
20906,6,0
20929,6,3
20939,6,0
20990,6,2
21015,4,6
21033,3,4
21045,6,0
21051,3,4
21066,6,2
21073,3,4
21095,6,2
21103,6,0
21139,6,0
21159,0,1
21162,2,4
21168,6,0
21181,6,3
21191,0,3
21209,6,2
21214,4,6
21221,2,4
21245,0,6
21250,4,2
21255,4,2
21286,0,6
21287,6,4
21317,6,0
21327,6,0
21328,6,0
21343,2,4
21344,7,9
21363,7,5
21390,2,6
21393,1,3
21423,4,6
21445,6,4
21452,3,6
21465,6,4
21472,6,2
21475,2,4
21499,4,2
21514,0,6
21516,2,6
21546,6,2
21548,2,4
21565,0,6
21569,2,4
21575,4,2
21582,6,2
21597,2,3
21619,6,0
21626,3,4
21633,6,0
21639,7,5
21653,7,5
21657,3,4
21673,6,0
21675,9,5
21677,9,5
21734,4,6
21741,4,2
21752,2,4
21763,2,4
21771,6,1
21776,9,5
21791,9,5
21792,3,4
21808,7,5
21837,6,3
21841,6,0
21842,0,6
21850,2,6
21857,7,5
21859,3,0
21887,8,2
21907,6,0
21916,0,2
21991,3,4
22002,4,6
22012,4,6
22014,6,3
22018,0,6
22037,9,5
22047,6,0
22068,0,3
22074,8,4
22079,6,0
22086,0,1
22099,6,3
22108,6,2
22118,6,0
22131,6,0
22133,4,3
22134,4,6
22159,2,4
22175,6,3
22178,6,0
22180,4,2
22185,2,4
22187,3,2
22233,4,6
22237,0,3
22247,2,6
22264,0,3
22273,6,0
22274,2,4
22275,4,6
22285,4,6
22304,2,4
22317,4,2
22353,6,0
22369,8,2
22371,0,2
22387,4,6
22410,6,0
22411,6,2
22443,2,6
22518,6,2
22521,4,3
22553,2,4
22559,4,6
22572,2,0
22593,2,3
22609,0,6
22624,0,6
22632,6,0
22677,9,5
22719,4,6
22750,0,2
22761,6,2
22764,6,0
22773,4,2
22809,3,4
22855,6,0
22875,2,4
22876,4,2
22916,6,0
22931,6,0
22942,9,5
22949,4,2
22955,2,4
22958,0,2
22976,6,4
23005,2,6
23045,0,4
23053,6,2
23067,0,6
23077,6,0
23090,6,0
23129,6,0
23152,6,3
23168,9,5
23171,6,4
23177,6,0
23179,4,2
23206,3,1
23211,6,2
23212,7,5
23307,6,4
23319,3,6
23322,6,0
23325,7,5
23326,4,6
23343,9,5
23352,4,6
23359,6,3
23363,2,4
23394,6,2
23420,6,3
23424,9,5
23430,2,4
23434,9,5
23436,4,6
23441,9,5
23446,6,4
23465,6,0
23482,4,3
23495,6,2
23499,7,5
23500,4,6
23539,0,3
23545,3,1
23574,6,0
23603,6,4
23604,4,2
23625,0,6
23643,3,4
23652,2,6
23671,6,4
23681,6,0
23693,0,3
23694,2,4
23755,6,0
23783,6,0
23786,0,3
23805,2,6
23822,0,1
23881,4,2
23903,0,6
23947,6,0
23978,2,6
23985,6,0
23991,9,7
23998,6,0
24005,6,0
24013,2,4
24017,7,5
24031,6,0
24046,4,3
24056,1,3
24058,0,1
24060,2,4
24070,3,2
24084,3,4
24098,6,4
24124,4,6
24153,2,4
24199,7,5
24227,6,0
24228,4,6
24235,6,0
24245,9,5
24247,4,6
24263,4,6
24264,6,0
24278,9,5
24279,9,5
24284,6,0
24291,2,6
24305,6,2
24311,3,4
24314,6,0
24324,3,4
24331,6,2
24337,0,3
24345,4,0
24372,2,6
24382,6,0
24387,6,0
24407,4,2
24420,6,0
24441,3,4
24444,3,1
24450,1,4
24472,6,0
24486,1,3
24496,0,3
24508,7,5
24514,2,4
24579,6,0
24580,0,3
24587,6,0
24627,0,6
24638,6,0
24650,2,4
24651,0,3
24712,6,3
24763,6,0
24778,0,6
24804,0,2
24823,8,3
24845,6,0
24847,4,6
24853,0,8
24865,0,6
24880,4,2
24888,2,4
24902,2,0
24940,6,3
24963,0,6
24968,2,4
24984,6,0
25057,2,4
25096,4,2
25119,3,0
25121,0,6
25122,4,6
25136,2,6
25142,0,3
25145,6,0
25214,6,2
25228,0,3
25255,6,0
25289,0,2
25338,6,0
25341,4,2
25365,4,6
25372,7,9
25397,0,8
25416,4,2
25419,0,6
25420,9,5
25435,2,4
25439,6,0
25463,6,0
25489,6,0
25504,1,3
25510,6,0
25517,9,5
25524,4,6
25527,6,0
25535,0,6
25540,6,0
25544,0,6
25593,6,0
25595,6,2
25601,0,3
25615,6,2
25629,0,1
25632,7,5
25639,2,6
25654,9,5
25656,0,3
25663,0,3
25699,2,6
25707,4,2
25713,0,3
25738,6,0
25746,9,5
25764,6,0
25773,6,0
25775,9,7
25776,6,2
25780,6,4
25800,0,2
25810,0,6
25815,6,0
25833,6,0
25851,6,0
25859,6,0
25895,4,6
25899,7,5
25928,2,4
25954,2,4
25962,4,6
25966,0,6
25968,9,7
25977,2,4
26001,6,0
26028,2,6
26039,6,0
26054,9,5
26058,2,1
26060,6,4
26071,6,0
26072,6,2
26115,6,0
26118,7,5
26120,6,0
26150,6,3
26165,6,0
26196,3,0
26219,9,5
26226,6,4
26229,0,3
26230,3,4
26247,6,3
26248,6,0
26265,6,0
26273,0,2
26285,6,3
26330,9,7
26339,4,2
26350,2,4
26352,9,5
26356,6,1
26362,2,4
26382,7,5
26385,6,3
26432,0,2
26451,6,0
26455,2,4
26476,0,1
26496,6,0
26500,2,6
26510,4,6
26529,6,0
26533,4,2
26570,9,5
26579,6,0
26582,9,5
26601,6,3
26613,9,5
26626,4,2
26637,6,0
26638,3,4
26681,0,1
26686,2,4
26692,9,5
26695,6,0
26701,4,2
26703,6,4
26728,4,3
26735,0,3
26745,6,0
26757,0,1
26759,9,5
26780,0,6
26794,6,2
26795,4,3
26824,8,4
26854,0,6
26860,3,4
26869,6,0
26880,3,4
26888,2,0
26903,4,2
26915,6,0
26919,4,3
26941,4,6
26971,2,6
26981,6,0
26995,9,7
27066,7,5
27087,6,0
27091,7,5
27112,2,4
27113,0,6
27118,2,6
27126,4,6
27165,6,2
27167,0,6
27180,6,4
27192,9,5
27194,2,6
27195,0,3
27208,6,2
27211,2,4
27213,6,0
27216,6,0
27245,4,2
27253,0,3
27270,2,4
27281,6,0
27298,6,0
27300,4,6
27327,0,3
27328,9,5
27331,2,4
27336,6,0
27338,6,3
27350,4,6
27409,8,0
27429,6,4
27435,6,0
27473,3,4
27495,6,0
27496,7,5
27555,6,0
27560,6,0
27561,0,3
27562,3,4
27571,6,0
27575,6,1
27597,7,5
27618,6,4
27635,6,0
27644,0,6
27652,6,3
27666,2,4
27683,2,0
27695,6,0
27704,4,6
27742,2,0
27743,2,4
27756,6,0
27758,2,4
27760,7,5
27782,0,6
27786,6,2
27815,6,0
27829,0,3
27849,3,4
27861,2,0
27880,0,3
27895,6,0
27915,2,6
27951,0,1
27993,6,3
28007,2,3
28016,6,0
28022,0,2
28031,6,4
28040,6,2
28046,6,0
28060,2,4
28071,6,0
28126,6,0
28131,6,0
28148,0,3
28151,6,0
28154,6,0
28165,6,0
28171,6,0
28173,6,3
28174,6,2
28179,1,3
28184,6,4
28195,9,5
28237,0,2
28241,6,0
28254,7,5
28264,3,6
28281,8,4
28284,9,7
28288,0,6
28293,9,5
28296,6,0
28311,6,2
28328,3,4
28330,0,1
28341,0,3
28369,2,4
28376,6,0
28393,6,0
28396,6,0
28412,7,9
28429,6,0
28463,6,0
28469,2,6
28487,3,4
28490,3,2
28516,6,0
28524,6,4
28555,0,3
28559,4,6
28573,6,3
28584,6,3
28618,6,2
28643,7,5
28663,6,3
28672,9,5
28689,6,4
28691,6,0
28739,4,6
28764,2,0
28772,3,4
28799,6,0
28832,9,5
28838,6,0
28849,6,0
28857,0,1
28866,0,1
28871,6,0
28873,6,1
28886,0,2
28894,0,2
28909,4,2
28924,0,3
28936,4,6
28950,0,3
28970,0,6
28987,6,0
29014,6,4
29027,0,6
29047,7,5
29048,2,6
29064,4,2
29092,6,3
29136,6,0
29147,9,5
29154,6,3
29163,8,0
29205,2,4
29243,6,0
29278,9,7
29294,6,0
29320,2,4
29325,4,2
29337,3,6
29349,2,4
29350,3,2
29371,0,6
29389,6,4
29390,6,3
29398,2,6
29411,6,0
29422,9,5
29423,2,4
29443,6,2
29468,0,6
29479,6,0
29481,2,6
29483,6,2
29487,6,3
29488,9,5
29505,6,4
29513,6,0
29520,4,6
29532,9,5
29547,6,0
29549,6,4
29554,6,0
29592,6,0
29599,2,6
29625,2,6
29642,6,0
29662,6,0
29682,6,0
29702,6,0
29710,0,6
29715,9,5
29780,6,0
29789,6,3
29797,7,5
29799,0,6
29800,6,4
29826,6,0
29836,6,2
29842,9,7
29858,6,0
29864,6,4
29901,1,4
29917,2,6
29918,0,3
29929,6,4
29930,6,2
29932,4,3
29952,2,4
29991,4,6
30018,9,5
30024,0,3
30029,8,6
30037,4,2
30048,2,6
30056,7,5
30058,6,4
30065,6,0
30071,2,6
30083,0,3
30090,2,4
30097,2,4
30108,6,2
30120,7,5
30131,6,2
30132,2,8
30162,6,2
30166,4,6
30177,7,5
30179,6,2
30194,6,0
30206,0,6
30218,6,3
30246,6,0
30256,0,6
30311,2,4
30319,2,4
30323,6,0
30342,6,0
30358,6,0
30360,6,0
30405,6,0
30415,6,0
30416,6,0
30464,2,6
30476,0,3
30497,6,4
30524,6,0
30556,6,2
30568,6,0
30582,6,0
30586,3,4
30594,2,4
30598,3,4
30617,4,2
30618,2,3
30632,6,0
30636,6,2
30638,6,2
30648,4,6
30667,2,4
30673,2,4
30691,4,2
30758,6,0
30761,9,5
30779,3,0
30796,0,3
30825,6,4
30832,0,3
30847,6,0
30872,6,3
30898,6,0
30902,6,0
30908,6,4
30911,6,2
30912,6,2
30918,6,0
30923,6,3
30928,6,0
30945,6,3
30959,6,0
30992,6,0
30997,2,0
31002,0,6
31014,9,5
31039,2,4
31045,2,6
31055,9,7
31057,6,4
31113,0,6
31123,0,6
31124,4,3
31129,2,4
31138,4,3
31140,6,2
31147,0,6
31149,6,3
31169,7,5
31170,6,2
31199,6,0
31200,0,6
31208,4,6
31211,4,6
31213,6,0
31219,6,0
31220,2,4
31226,0,2
31245,6,3
31252,0,2
31254,3,0
31264,6,0
31275,0,3
31280,3,4
31305,6,0
31317,7,5
31320,3,4
31331,4,2
31333,4,6
31359,3,4
31435,2,4
31438,6,0
31450,6,0
31462,6,3
31463,2,4
31467,6,2
31484,0,1
31502,2,4
31508,2,4
31541,0,6
31542,2,4
31570,6,0
31589,0,1
31592,4,6
31610,9,5
31634,2,4
31640,2,6
31648,7,5
31658,7,5
31669,6,0
31694,4,0
31701,4,2
31702,6,3
31745,4,6
31749,2,4
31766,6,2
31775,2,4
31776,6,2
31778,6,2
31790,0,3
31818,2,4
31838,3,4
31841,4,2
31857,4,2
31913,4,2
31955,6,2
31982,6,0
31993,4,6
32007,6,0
32010,6,0
32023,2,4
32026,0,6
32031,4,3
32034,6,0
32052,6,2
32066,6,2
32070,6,2
32076,2,4
32092,7,5
32103,2,4
32141,0,6
32147,9,5
32155,6,2
32160,6,0
32164,0,6
32171,6,1
32200,3,4
32208,6,3
32212,9,5
32216,6,0
32226,4,2
32228,4,2
32232,9,5
32246,2,4
32258,8,3
32266,7,5
32272,6,0
32305,9,7
32317,4,6
32362,6,3
32367,6,0
32388,0,3
32389,6,3
32404,2,0
32434,6,4
32451,2,0
32457,2,6
32474,6,3
32475,2,6
32488,9,5
32490,6,2
32507,9,5
32555,6,0
32563,0,1
32588,6,0
32617,3,0
32625,7,5
32654,6,0
32669,9,5
32685,6,0
32686,2,4
32733,6,0
32747,9,5
32748,0,1
32755,6,0
32761,0,6
32767,6,0
32785,9,5
32794,2,4
32813,2,4
32818,6,0
32829,4,6
32832,0,3
32856,0,6
32881,6,2
32894,0,3
32896,9,5
32908,6,4
32911,6,2
32929,4,6
32939,6,4
32986,6,2
33005,6,0
33011,0,2
33015,2,6
33030,6,0
33048,2,0
33078,7,5
33099,2,4
33101,0,3
33111,2,4
33119,6,4
33126,6,4
33143,0,1
33210,4,6
33224,9,5
33242,4,6
33256,3,4
33258,7,5
33261,0,3
33270,6,0
33279,4,3
33313,9,5
33361,3,4
33363,8,6
33379,2,4
33386,3,4
33390,6,0
33402,7,5
33417,4,6
33429,4,6
33430,6,2
33460,9,5
33503,6,0
33507,3,4
33510,2,6
33520,2,0
33529,6,0
33534,9,5
33545,6,0
33574,0,6
33576,6,2
33588,3,4
33590,0,4
33592,4,3
33607,2,6
33620,2,4
33626,0,1
33632,6,0
33634,4,6
33638,6,2
33661,4,2
33664,0,3
33671,3,4
33675,2,4
33699,0,3
33701,4,2
33703,6,2
33715,2,6
33716,2,3
33734,6,0
33738,0,6
33762,3,4
33764,6,4
33775,2,4
33778,6,0
33802,9,5
33821,6,2
33865,4,2
33888,6,0
33893,0,3
33898,7,5
33955,0,1
33959,3,4
33974,6,2
33979,4,2
33982,4,6
33986,2,4
34005,6,4
34008,6,2
34009,6,0
34033,2,4
34060,6,0
34063,2,0
34079,4,2
34087,6,0
34088,9,5
34099,6,4
34102,4,6
34111,2,4
34122,9,5
34140,9,7
34159,9,5
34200,6,0
34222,9,5
34239,4,6
34263,2,4
34271,4,2
34277,0,6
34290,4,6
34300,6,0
34303,2,4
34305,4,2
34332,6,0
34345,2,3
34350,6,0
34361,6,0
34364,6,0
34365,0,3
34366,3,4
34381,6,3
34393,6,4
34417,3,4
34421,6,3
34440,6,0
34449,6,0
34456,6,2
34486,6,0
34491,6,0
34538,6,0
34540,9,5
34581,2,6
34585,0,6
34598,0,3
34603,0,3
34627,6,0
34669,7,9
34743,0,6
34779,6,0
34787,2,4
34794,0,6
34795,6,0
34804,2,0
34836,2,6
34843,2,4
34856,0,3
34871,0,6
34872,2,4
34889,2,4
34905,2,3
34907,6,2
34943,6,0
34964,4,6
34965,3,6
34971,6,4
34977,2,4
34983,6,0
35013,2,4
35024,2,4
35031,6,3
35051,1,3
35070,2,6
35089,6,3
35096,9,5
35103,4,2
35117,2,4
35135,6,0
35142,6,0
35151,0,2
35169,6,3
35198,6,2
35218,2,6
35224,6,3
35238,4,6
35262,2,4
35279,0,4
35301,2,6
35321,0,3
35344,6,0
35355,0,6
35363,0,3
35364,6,0
35366,4,3
35379,4,2
35390,4,6
35424,0,3
35427,6,2
35458,2,4
35461,6,0
35470,9,5
35473,6,0
35475,3,4
35484,0,3
35494,0,3
35500,0,6
35505,3,6
35510,1,3
35522,2,4
35528,6,2
35535,6,0
35539,0,1
35561,2,6
35562,4,6
35572,6,3
35578,8,0
35599,6,0
35641,2,4
35646,6,0
35649,3,0
35661,2,6
35662,4,6
35672,6,0
35695,3,4
35743,6,0
35747,6,4
35767,2,4
35774,7,5
35782,0,1
35794,9,5
35797,2,4
35806,6,4
35838,0,2
35846,4,2
35854,2,4
35860,9,5
35881,4,2
35897,6,0
35907,6,0
35908,3,4
35917,3,4
35944,6,3
35997,2,4
36009,4,6
36018,2,4
36022,6,2
36027,7,5
36031,3,4
36037,6,0
36044,6,0
36049,6,3
36051,6,0
36061,3,6
36078,6,0
36086,6,3
36089,8,1
36107,9,5
36117,6,3
36136,2,4
36154,2,4
36157,0,2
36162,9,7
36170,6,0
36172,6,0
36177,2,6
36189,6,0
36200,3,4
36215,1,3
36238,2,6
36243,6,0
36245,4,6
36251,2,4
36264,0,3
36294,6,0
36305,9,7
36316,2,4
36322,0,6
36325,6,1
36336,0,3
36348,4,3
36351,6,0
36358,0,1
36360,2,4
36378,6,0
36391,2,4
36395,6,0
36406,4,2
36417,9,7
36421,9,5
36438,6,4
36455,0,1
36463,6,2
36470,0,6
36483,2,4
36504,0,3
36511,0,8
36519,9,5
36604,6,0
36623,4,2
36625,6,3
36642,6,0
36645,6,0
36650,6,0
36677,9,5
36691,0,6
36700,9,5
36722,6,2
36723,2,4
36724,9,5
36735,9,5
36769,6,0
36771,0,1
36775,2,6
36782,0,4
36786,6,3
36788,0,3
36791,0,1
36808,0,6
36825,6,0
36830,0,1
36835,6,0
36881,9,5
36901,6,0
36930,4,3
36936,6,0
36951,4,2
36972,6,0
36979,6,2
37006,2,4
37031,6,1
37035,2,6
37056,4,6
37100,0,3
37112,2,0
37113,4,3
37130,6,0
37146,0,2
37165,9,5
37208,9,5
37214,6,2
37235,0,3
37252,6,4
37253,6,0
37286,0,2
37288,6,4
37304,6,0
37315,6,0
37374,2,4
37375,6,3
37384,0,3
37390,0,3
37421,6,2
37437,9,5
37462,6,0
37507,7,5
37513,2,4
37515,4,6
37524,9,7
37549,0,6
37575,6,3
37595,8,6
37631,6,2
37650,6,2
37667,6,0
37688,9,7
37703,2,6
37726,0,3
37728,6,0
37753,4,2
37754,7,5
37755,6,0
37758,4,3
37772,6,2
37781,6,2
37824,9,5
37864,6,0
37867,6,0
37871,2,4
37873,2,4
37894,2,6
37905,6,3
37914,3,4
37917,6,4
37932,6,3
37939,6,0
37944,0,1
37962,2,6
37985,6,2
38003,6,0
38005,4,6
38007,0,3
38025,3,4
38030,4,6
38043,6,0
38055,6,0
38075,0,6
38076,0,1
38100,8,1
38116,2,4
38132,6,4
38147,1,3
38149,7,9
38163,2,4
38166,2,6
38180,7,5
38189,6,0
38208,9,7
38244,9,5
38254,2,3
38272,2,6
38300,9,5
38302,6,0
38303,2,3
38350,6,2
38354,0,1
38408,9,5
38409,0,6
38417,7,5
38423,6,0
38427,2,4
38434,6,2
38494,2,0
38521,6,0
38543,0,1
38563,0,6
38569,0,6
38595,4,2
38606,0,2
38615,6,0
38616,6,0
38627,6,0
38658,4,6
38659,0,2
38663,4,6
38675,6,0
38677,2,6
38693,6,0
38696,3,1
38718,6,4
38722,0,2
38732,6,0
38738,0,6
38742,1,3
38761,6,2
38787,6,4
38799,6,0
38806,8,6
38819,4,6
38840,9,7
38849,0,6
38853,6,0
38900,2,4
38919,2,6
38941,6,0
38945,6,0
38969,2,4
38970,6,4
38994,9,5
39003,9,5
39012,6,0
39048,4,2
39070,6,2
39074,0,6
39078,2,4
39096,2,6
39097,6,0
39133,0,6
39139,4,1
39172,3,0
39183,9,5
39193,0,6
39207,6,0
39210,4,6
39227,9,5
39230,0,3
39235,9,5
39244,2,4
39250,0,6
39281,4,3
39286,6,0
39291,2,4
39313,2,4
39339,4,6
39341,4,6
39351,2,6
39374,3,0
39388,7,5
39401,4,6
39425,4,6
39433,8,3
39451,0,6
39454,4,6
39472,2,6
39483,2,6
39489,0,6
39498,2,6
39508,3,4
39510,2,4
39515,0,3
39525,4,6
39532,4,2
39544,2,4
39555,9,5
39572,4,6
39579,2,6
39607,6,4
39618,6,2
39631,9,5
39640,7,5
39652,6,0
39662,6,0
39663,0,2
39664,0,3
39671,0,6
39672,2,6
39676,6,0
39695,6,0
39705,2,6
39706,6,0
39709,6,0
39724,3,4
39735,4,6
39737,7,5
39739,4,6
39797,9,5
39798,6,2
39817,0,1
39820,6,0
39826,6,3
39879,6,0
39904,6,3
39930,3,4
39934,4,6
39939,0,1
39944,6,0
39947,6,0
39965,3,4
39983,7,5
39990,0,3
39997,0,8
39999,0,6
40002,3,4
40006,2,4
40015,4,2
40020,4,6
40024,3,4
40032,0,3
40047,1,3
40048,0,2
40098,6,0
40099,4,2
40124,6,0
40129,4,6
40135,2,6
40139,2,4
40152,0,1
40155,6,0
40156,2,6
40160,6,2
40187,2,0
40195,9,5
40196,0,1
40197,4,2
40206,0,3
40228,2,4
40251,2,0
40277,2,4
40280,0,3
40297,2,4
40307,3,4
40308,6,0
40336,6,0
40342,6,2
40351,9,5
40371,6,0
40376,2,4
40392,6,3
40393,0,6
40412,7,5
40455,0,3
40478,4,6
40481,6,4
40506,2,6
40513,2,0
40518,0,1
40542,0,6
40565,4,6
40568,0,3
40574,9,5
40578,4,2
40590,8,2
40598,4,6
40614,9,5
40626,9,5
40637,6,2
40694,4,6
40702,6,2
40715,7,5
40733,6,2
40745,6,2
40753,6,2
40758,6,0
40763,4,2
40764,2,4
40789,0,3
40794,0,2
40824,6,0
40831,3,4
40835,0,2
40852,6,4
40855,2,4
40873,4,6
40875,0,2
40901,9,5
40902,7,5
40910,6,2
40935,0,6
40948,4,2
40972,7,5
41029,6,3
41035,4,6
41037,0,6
41061,7,5
41063,9,5
41066,6,0
41084,6,0
41111,4,6
41127,6,0
41146,6,0
41173,3,1
41192,6,0
41194,3,1
41204,8,4
41217,0,3
41221,4,3
41229,0,3
41239,6,0
41263,4,6
41295,6,4
41299,6,4
41303,2,4
41317,2,4
41324,6,0
41326,6,0
41353,9,5
41355,6,3
41363,6,0
41373,2,4
41380,2,4
41389,6,0
41397,0,6
41416,0,1
41417,6,2
41449,6,3
41460,7,5
41467,0,3
41501,9,5
41511,6,0
41513,6,0
41553,6,0
41597,3,4
41603,4,2
41606,2,4
41618,2,4
41632,2,6
41642,6,0
41651,4,6
41666,6,0
41675,6,0
41701,6,0
41717,3,4
41719,6,2
41739,9,5
41758,0,2
41762,6,0
41789,6,0
41816,7,5
41853,2,4
41873,7,5
41881,6,0
41882,9,5
41884,6,3
41892,6,4
41893,4,2
41904,6,3
41905,6,0
41920,6,0
41949,4,3
41990,6,2
41995,2,6
42013,6,2
42018,2,3
42026,9,7
42036,6,0
42039,6,0
42076,6,0
42082,6,2
42095,6,0
42101,3,2
42110,3,6
42126,4,2
42130,0,6
42166,9,5
42171,0,6
42183,2,1
42210,6,0
42224,2,4
42228,3,4
42243,4,6
42253,6,0
42261,9,5
42288,2,3
42305,6,0
42314,0,6
42330,7,5
42346,6,0
42392,6,2
42427,9,5
42429,2,4
42450,0,1
42453,4,2
42466,3,1
42476,4,6
42482,2,4
42506,4,6
42512,2,4
42524,4,2
42530,2,6
42532,6,0
42540,0,1
42571,6,2
42584,9,7
42603,2,4
42619,6,0
42640,0,3
42656,4,2
42683,0,3
42685,6,0
42691,9,5
42699,9,5
42711,9,5
42724,6,0
42727,6,0
42729,6,0
42750,6,2
42765,6,2
42766,0,3
42772,6,0
42789,4,3
42797,4,6
42799,0,1
42808,3,4
42815,6,2
42820,0,6
42822,2,4
42829,9,5
42859,6,0
42863,4,2
42878,0,1
42899,2,4
42900,6,0
42909,6,2
42910,6,0
42915,2,4
42917,2,6
42938,4,2
42949,2,4
42952,2,6
42967,2,4
42975,6,0
42977,9,5
42980,6,2
42984,6,0
42986,9,5
42988,6,0
43003,6,3
43007,6,2
43037,6,0
43046,6,2
43082,3,4
43091,4,2
43095,9,5
43097,6,0
43139,4,3
43168,2,6
43171,0,3
43186,2,4
43222,6,0
43232,0,3
43244,9,7
43270,2,4
43279,0,6
43281,6,0
43299,2,6
43308,6,2
43325,6,3
43337,6,0
43341,0,1
43352,4,2
43372,6,0
43383,0,8
43395,0,1
43396,6,0
43402,6,0
43415,6,0
43417,2,4
43450,6,3
43464,6,2
43474,0,6
43476,2,4
43478,0,6
43485,6,2
43563,2,6
43621,6,0
43623,0,6
43643,2,4
43665,2,4
43673,0,6
43694,0,3
43703,0,3
43716,6,0
43722,4,2
43736,0,6
43760,6,0
43763,9,5
43766,6,0
43771,2,4
43781,6,0
43795,7,5
43816,0,3
43820,6,0
43825,9,5
43832,2,6
43849,3,4
43852,6,4
43857,6,4
43892,2,6
43899,4,6
43903,6,1
43904,0,2
43929,2,4
43940,3,2
43941,0,1
43963,3,4
43984,2,3
43993,2,6
44005,6,0
44031,2,4
44045,6,4
44081,3,4
44100,6,0
44103,2,3
44115,6,3
44116,0,6
44119,6,2
44129,0,3
44146,6,2
44153,6,0
44190,2,4
44209,4,6
44249,6,2
44255,6,0
44268,6,2
44274,0,3
44291,6,0
44321,2,4
44327,0,3
44331,6,0
44332,4,6
44342,6,2
44355,2,4
44356,6,0
44363,6,0
44367,6,0
44373,6,0
44389,6,0
44391,9,5
44422,6,0
44431,6,3
44436,4,2
44438,4,6
44458,6,0
44471,2,6
44498,0,3
44514,4,6
44515,9,5
44540,3,4
44553,6,0
44554,6,0
44575,6,4
44576,0,6
44590,2,3
44608,2,4
44623,2,4
44653,3,6
44669,6,0
44676,0,2
44698,2,4
44733,6,0
44734,4,6
44740,7,5
44748,0,3
44768,6,0
44776,1,3
44798,6,2
44811,3,6
44826,6,3
44835,6,2
44839,0,3
44841,2,6
44848,2,6
44860,9,5
44869,4,6
44882,6,0
44897,4,2
44903,0,3
44908,2,3
44917,4,6
44918,2,1
44919,4,3
44921,6,0
44922,6,4
44935,2,4
44945,2,4
44962,6,2
44969,9,7
44971,7,5
44986,6,2
45002,6,2
45009,2,4
45014,6,0
45028,6,4
45034,4,2
45072,0,3
45079,2,4
45086,6,3
45092,3,4
45110,2,4
45130,2,3
45156,2,0
45190,9,5
45198,6,0
45199,6,2
45209,2,6
45218,4,6
45222,6,4
45232,2,4
45236,6,4
45257,6,4
45262,2,6
45264,2,4
45284,2,6
45287,6,4
45306,6,0
45307,9,5
45308,0,3
45330,0,3
45364,1,3
45376,4,3
45470,6,0
45477,6,3
45504,7,5
45508,2,4
45518,2,6
45536,2,6
45548,2,4
45551,6,2
45555,9,5
45568,0,3
45574,2,6
45576,6,0
45586,6,0
45592,6,3
45606,6,4
45607,0,3
45638,0,6
45662,2,6
45668,7,5
45671,9,5
45672,4,6
45682,9,5
45703,6,0
45719,2,6
45721,6,0
45727,6,0
45757,9,7
45765,9,7
45779,0,6
45786,4,6
45795,4,6
45797,6,4
45821,6,2
45823,6,0
45824,0,3
45826,0,6
45864,6,2
45878,0,6
45904,6,0
45930,2,4
45932,2,4
45939,6,0
45952,6,0
45978,0,1
45982,2,4
46010,2,4
46016,6,0
46017,6,0
46040,0,3
46048,6,0
46050,6,0
46093,4,2
46097,3,4
46100,7,9
46108,0,2
46122,0,1
46125,2,0
46137,6,4
46146,6,0
46160,6,0
46193,2,4
46194,6,0
46211,6,2
46245,2,6
46252,7,5
46254,6,3
46259,3,4
46261,6,0
46276,2,4
46279,2,4
46285,0,3
46310,0,2
46332,6,0
46333,6,1
46341,3,4
46359,6,0
46379,6,4
46403,6,3
46413,3,4
46414,9,5
46445,6,0
46457,6,3
46464,6,0
46486,6,0
46490,6,2
46523,9,5
46525,4,6
46532,0,6
46567,0,1
46600,6,0
46606,4,6
46613,0,2
46649,2,4
46654,6,3
46655,2,3
46709,6,0
46710,6,2
46736,0,3
46750,0,3
46751,0,3
46758,4,2
46770,2,4
46776,2,4
46796,2,3
46832,6,0
46838,6,2
46860,4,6
46861,4,1
46880,9,5
46884,4,6
46902,6,0
46905,4,2
46912,6,0
46926,0,3
46933,2,4
46934,0,6
46935,6,0
46944,6,3
46948,4,3
46949,6,2
46959,2,4
46967,0,3
46999,6,2
47013,2,6
47042,4,6
47048,6,0
47073,7,5
47074,6,0
47080,2,6
47081,6,0
47099,6,2
47132,3,4
47161,6,3
47166,3,6
47176,6,0
47181,3,4
47187,6,4
47196,0,2
47199,6,4
47206,0,3
47222,6,0
47227,0,6
47228,9,5
47254,4,2
47269,2,3
47276,2,4
47283,4,6
47308,4,6
47310,6,0
47311,4,6
47323,0,6
47328,6,0
47359,6,2
47360,6,0
47374,2,4
47385,6,2
47389,3,4
47399,6,0
47410,6,3
47441,4,2
47450,4,6
47452,6,3
47461,6,2
47462,6,0
47468,3,4
47470,7,5
47472,4,6
47474,6,4
47481,4,2
47492,6,0
47496,2,6
47503,6,0
47506,6,3
47527,7,9
47537,0,6
47546,6,4
47558,6,0
47571,6,0
47572,6,0
47594,0,1
47595,1,3
47601,0,6
47670,7,5
47678,0,3
47702,6,0
47711,6,2
47723,9,5
47744,3,4
47757,6,3
47764,6,3
47772,0,4
47775,2,6
47776,2,0
47816,6,0
47830,9,5
47832,0,6
47848,6,2
47888,4,6
47892,6,0
47899,6,0
47910,6,4
47946,0,1
47949,3,4
47969,9,5
47978,2,6
47991,0,6
47993,6,3
48005,7,5
48017,2,4
48019,4,2
48032,4,2
48033,4,6
48046,6,0
48071,4,2
48072,6,0
48100,2,4
48101,2,4
48115,6,0
48128,6,3
48144,6,0
48172,6,3
48182,6,0
48190,6,0
48212,0,3
48213,7,5
48232,2,4
48242,4,6
48254,6,2
48256,3,1
48284,7,5
48299,6,2
48300,6,0
48309,0,3
48319,6,2
48326,4,6
48364,0,3
48365,2,4
48368,2,6
48396,0,3
48407,6,2
48428,6,0
48441,6,0
48448,7,9
48450,0,6
48462,4,2
48467,9,5
48470,2,4
48482,6,2
48483,6,3
48518,0,3
48549,0,3
48562,4,6
48609,0,3
48611,9,7
48632,6,0
48636,6,0
48638,0,3
48647,6,0
48656,6,0
48697,0,2
48698,2,4
48709,6,0
48723,6,0
48739,1,3
48746,2,3
48756,0,6
48782,0,1
48784,2,4
48791,2,4
48847,6,0
48848,0,8
48853,4,2
48863,9,5
48882,0,1
48890,9,5
48900,0,1
48923,9,5
48942,6,3
48943,0,3
48971,1,3
48985,6,2
48998,0,2
49007,4,6
49037,6,0
49040,7,5
49045,4,6
49062,6,0
49070,6,0
49076,3,4
49079,0,6
49096,6,0
49108,3,4
49110,6,0
49151,2,4
49160,6,2
49188,4,2
49195,6,0
49225,6,0
49248,2,4
49254,2,3
49273,6,0
49286,6,2
49296,6,3
49327,0,2
49329,6,3
49338,0,2
49348,6,2
49377,6,2
49396,6,4
49398,4,6
49405,2,6
49410,6,0
49414,9,7
49423,9,7
49430,6,0
49436,2,4
49438,2,6
49440,6,4
49445,2,6
49449,9,7
49506,6,3
49507,6,0
49520,9,5
49574,7,5
49605,4,2
49607,2,4
49634,4,2
49635,0,6
49642,6,0
49661,0,6
49664,0,3
49679,4,2
49680,0,2
49684,6,0
49689,2,4
49698,4,6
49703,0,3
49717,4,3
49736,2,0
49771,8,4
49772,0,1
49826,6,0
49827,7,9
49848,6,4
49870,6,0
49879,0,1
49896,2,4
49906,0,6
49914,7,5
49916,6,0
49918,0,1
49944,6,2
49960,6,0
49963,6,0
49964,2,4
49966,7,5
49972,6,0
49978,9,5
49983,0,2
49987,0,2
49996,6,2
50011,2,6
50013,6,3
50018,9,7
50030,6,0
50047,2,4
50054,6,0
50062,6,4
50073,0,1
50077,2,4
50096,0,3
50097,6,0
50104,6,2
50107,0,6
50127,4,2
50143,2,3
50146,0,6
50160,0,3
50194,7,5
50198,6,0
50206,6,0
50232,8,0
50244,3,0
50270,6,0
50293,0,3
50312,6,4
50326,6,3
50332,2,4
50335,6,0
50354,2,0
50372,0,2
50376,0,2
50381,4,3
50387,6,0
50412,7,5
50415,3,4
50428,6,4
50470,9,7
50471,2,4
50530,4,3
50534,3,4
50616,2,4
50619,6,0
50626,2,6
50631,6,0
50632,9,5
50652,6,2
50673,6,3
50681,6,0
50685,6,2
50691,0,3
50693,6,0
50695,2,4
50702,2,4
50717,2,4
50718,6,0
50731,6,0
50740,4,6
50798,2,4
50799,2,4
50805,7,5
50815,9,5
50816,6,4
50820,0,6
50830,0,1
50838,3,4
50840,6,0
50850,9,7
50853,6,0
50863,6,0
50871,2,6
50900,6,3
50955,2,6
50992,6,0
50998,4,6
51005,6,2
51032,2,4
51079,4,6
51114,6,0
51123,9,5
51126,2,4
51145,6,0
51162,2,6
51163,0,6
51186,9,5
51193,9,5
51194,2,6
51216,4,6
51223,3,4
51228,0,1
51237,6,0
51259,9,5
51260,3,0
51316,2,6
51324,0,3
51356,3,4
51361,2,6
51379,6,0
51400,6,0
51415,0,2
51416,4,2
51423,0,3
51425,0,2
51427,9,5
51448,6,0
51464,0,2
51477,6,0
51484,4,6
51490,0,3
51496,6,0
51506,2,4
51516,6,3
51518,0,3
51550,6,0
51562,2,4
51571,6,4
51585,6,0
51598,6,0
51601,7,9
51649,0,2
51652,4,2
51665,4,2
51717,3,4
51727,4,3
51735,0,3
51762,6,4
51764,9,7
51782,2,4
51823,2,4
51847,2,4
51852,4,6
51855,3,4
51862,3,4
51873,3,4
51880,2,4
51886,0,3
51906,3,2
51914,6,0
51940,6,0
51946,0,3
51954,6,0
51966,6,0
52009,6,0
52023,6,0
52026,6,0
52039,9,5
52121,4,2
52149,3,4
52170,7,5
52183,4,2
52202,4,2
52220,4,6
52235,2,0
52255,6,0
52294,3,6
52298,6,0
52305,0,6
52307,6,2
52312,9,5
52321,6,0
52325,4,2
52332,0,6
52345,4,2
52349,4,2
52355,0,6
52358,4,6
52381,2,6
52397,6,0
52450,2,4
52453,6,0
52456,4,6
52474,2,6
52497,2,4
52524,6,0
52567,0,6
52591,6,0
52600,6,0
52602,6,0
52610,9,7
52612,6,0
52625,6,2
52632,4,6
52645,9,5
52656,6,0
52669,6,0
52689,2,4
52718,3,4
52747,4,6
52751,8,6
52767,6,2
52781,6,0
52786,2,0
52789,6,2
52803,6,3
52808,6,2
52828,4,6
52835,2,4
52845,7,5
52863,2,6
52868,6,2
52895,2,4
52903,3,4
52907,6,3
52913,7,5
52933,6,2
52945,2,4
52954,2,4
52960,2,0
52972,4,6
52988,6,4
52991,6,0
52994,6,0
53002,4,3
53020,4,6
53059,9,5
53091,7,5
53095,9,5
53113,4,6
53115,6,0
53134,0,1
53139,6,2
53150,2,4
53172,9,5
53177,1,3
53191,2,4
53202,0,6
53205,6,0
53212,6,3
53228,6,0
53247,6,0
53248,4,6
53249,8,4
53255,6,1
53257,0,6
53267,0,6
53276,3,4
53293,4,2
53297,6,4
53298,0,3
53314,0,3
53316,0,3
53326,2,0
53361,9,5
53365,3,4
53369,6,0
53398,4,0
53400,6,0
53412,8,0
53418,6,0
53434,4,6
53443,6,0
53465,6,0
53466,0,6
53486,6,4
53506,6,0
53513,0,1
53521,6,0
53530,6,1
53547,6,0
53550,2,0
53576,7,5
53589,0,2
53596,6,0
53603,6,0
53612,6,2
53628,4,0
53631,2,6
53663,6,4
53664,4,6
53686,2,4
53691,2,4
53695,6,0
53700,0,3
53722,6,0
53729,2,4
53734,6,0
53746,0,1
53766,0,3
53772,6,2
53797,6,0
53806,9,5
53807,6,4
53815,4,6
53823,0,3
53839,2,6
53874,2,4
53875,8,6
53914,2,4
53919,7,5
53920,6,0
53928,6,2
53934,9,5
53944,2,3
53966,6,0
53973,0,6
53976,6,0
53988,6,3
54007,2,4
54012,6,0
54027,0,1
54038,6,0
54051,9,7
54056,9,5
54067,9,7
54081,6,0
54091,9,5
54092,6,0
54115,2,4
54136,9,5
54147,0,2
54155,6,0
54164,6,0
54176,4,6
54189,6,0
54201,2,4
54204,6,3
54229,6,0
54247,4,6
54248,4,2
54258,6,2
54265,6,0
54299,8,6
54320,7,5
54322,6,0
54331,2,4
54369,8,6
54405,8,2
54415,3,4
54442,2,4
54450,7,5
54455,7,5
54457,7,5
54493,1,3
54495,6,4
54507,6,3
54534,9,7
54538,2,3
54549,0,3
54552,2,4
54554,4,2
54567,6,2
54610,2,6
54614,6,2
54639,6,0
54641,6,2
54653,2,4
54667,9,5
54681,3,6
54728,0,3
54763,6,0
54797,2,6
54829,3,4
54839,2,4
54857,0,1
54860,0,3
54873,6,0
54884,2,6
54895,6,0
54897,4,6
54902,3,4
54914,6,3
54921,7,5
54960,6,0
54963,6,0
54969,4,6
54973,4,2
54980,6,0
55000,0,6
55003,6,2
55010,6,4
55013,9,7
55018,6,2
55019,0,3
55036,4,6
55081,2,6
55131,7,5
55152,4,6
55164,9,7
55191,4,6
55204,3,4
55237,2,4
55242,0,6
55261,3,6
55281,4,6
55298,6,0
55333,2,4
55352,4,6
55359,6,0
55362,2,6
55371,6,0
55372,0,3
55380,2,4
55399,6,2
55412,4,2
55429,6,3
55431,4,6
55437,0,6
55438,6,0
55456,6,3
55457,0,1
55467,0,3
55479,0,6
55493,2,4
55498,6,0
55518,6,0
55534,9,7
55536,6,3
55540,0,3
55541,1,4
55559,4,2
55569,2,6
55575,0,3
55636,6,4
55649,4,6
55667,6,2
55670,4,6
55682,4,3
55687,2,6
55690,6,0
55691,9,5
55694,9,7
55703,6,0
55706,6,3
55714,4,6
55743,6,4
55744,6,3
55758,3,6
55784,6,0
55802,6,2
55829,3,0
55837,0,6
55854,2,4
55857,4,2
55884,2,4
55901,3,2
55905,6,0
55919,6,0
55922,9,5
55932,4,6
55935,2,4
55941,6,2
55982,2,4
55986,9,5
55999,6,0
56004,0,1
56024,2,4
56047,6,0
56084,9,5
56092,4,2
56114,2,3
56118,6,0
56135,7,5
56137,4,2
56150,6,0
56151,6,2
56156,9,5
56159,6,0
56165,3,2
56181,4,2
56183,6,0
56192,6,2
56219,6,2
56270,6,0
56273,9,5
56276,9,5
56284,6,0
56289,6,3
56303,2,0
56323,2,6
56331,6,0
56351,6,2
56433,6,4
56443,2,4
56447,6,0
56483,0,6
56518,1,3
56524,6,0
56542,6,0
56545,2,6
56581,2,4
56584,6,2
56598,6,3
56601,2,4
56626,2,4
56638,6,0
56640,0,6
56674,2,0
56683,2,0
56717,7,9
56727,6,2
56766,7,5
56824,7,5
56836,2,4
56842,6,0
56852,6,0
56871,4,2
56873,3,4
56912,9,5
56945,2,0
56965,0,2
56967,6,2
56978,4,2
56980,4,6
56997,2,6
57001,6,3
57003,6,0
57033,1,3
57040,4,6
57050,6,0
57071,2,4
57088,6,0
57096,0,3
57098,6,0
57131,0,6
57149,6,3
57172,6,0
57194,0,3
57195,6,0
57204,1,3
57205,2,6
57211,4,2
57213,4,8
57216,6,0
57255,4,6
57257,4,2
57291,2,4
57324,9,5
57349,6,0
57351,9,5
57352,4,6
57358,6,0
57403,6,4
57479,4,6
57500,3,4
57507,2,4
57519,6,3
57532,6,0
57558,4,3
57602,4,6
57605,7,5
57615,6,0
57622,6,3
57626,4,3
57627,6,0
57634,6,2
57640,2,6
57650,6,3
57685,3,2
57702,6,0
57713,6,4
57714,4,6
57730,0,6
57734,6,0
57751,3,0
57797,6,0
57856,9,5
57865,4,3
57873,6,2
57876,4,2
57903,2,4
57908,4,3
57934,6,0
57936,9,5
57962,9,5
57966,0,1
57971,6,2
57976,0,2
57977,9,5
57982,2,4
57996,0,6
58008,2,4
58019,6,0
58024,2,4
58030,2,6
58062,2,6
58085,6,0
58099,2,6
58101,6,0
58118,6,0
58136,9,5
58156,4,6
58220,6,3
58240,0,3
58251,6,0
58265,6,4
58285,6,4
58303,6,0
58311,9,5
58316,6,0
58318,0,1
58325,4,6
58329,7,5
58337,6,0
58340,6,0
58341,6,0
58343,6,0
58346,2,4
58414,6,0
58432,6,0
58440,6,0
58442,4,6
58449,7,5
58466,4,2
58488,6,0
58490,6,4
58522,6,0
58533,6,0
58537,4,2
58565,4,2
58604,6,0
58605,4,6
58608,6,1
58618,6,2
58637,7,5
58646,6,2
58647,4,2
58656,9,5
58664,7,5
58671,0,3
58705,6,2
58726,4,2
58727,3,4
58753,9,5
58754,4,6
58758,9,7
58762,0,1
58763,0,3
58764,6,0
58766,6,4
58785,4,6
58788,4,6
58802,9,5
58806,0,1
58823,6,0
58843,4,6
58853,4,6
58855,9,5
58875,6,0
58892,4,6
58898,0,6
58933,6,0
58937,6,3
58961,4,6
58989,2,6
59020,6,0
59034,2,6
59082,4,6
59084,6,0
59091,9,5
59096,2,4
59116,0,6
59129,9,5
59145,8,7
59189,6,0
59192,9,7
59196,3,4
59197,2,4
59200,2,4
59203,6,4
59247,6,0
59264,0,3
59281,4,6
59298,6,1
59302,6,0
59315,2,4
59322,4,2
59331,4,6
59358,9,5
59371,6,0
59379,0,6
59402,3,4
59409,2,4
59426,6,2
59451,2,0
59460,4,2
59493,9,5
59519,0,2
59543,4,6
59544,6,0
59547,9,7
59560,3,4
59573,6,2
59580,4,6
59610,6,2
59626,2,4
59637,2,4
59639,6,0
59645,4,2
59649,6,2
59666,3,4
59681,2,6
59693,6,0
59705,6,2
59707,2,6
59709,4,6
59719,6,0
59741,2,0
59749,0,3
59752,4,2
59762,6,3
59769,0,1
59786,6,4
59880,6,4
59895,2,4
59896,4,6
59904,6,0
59905,0,6
59907,9,5
59911,0,3
59947,3,4
59968,6,2
59971,3,4
59978,9,5
59987,6,0
